price,title
$165,‚û∏30' RV For Rent - Like New! with 4 Bunk beds - RARE! Sleeps up to 10!
$145,RV for Rent - Great RVs at Affordable Prices!!!
$50,Rv-Inno IN420 boat attachment pro
$200,Like new Metal Generator case - enclosure EV 6010 RV
$24995,2014 Cruiser RV Fun Finder 266 KIR
,NO COST RV CONSIGNMENT - VOTED KCRA'S BEST RV DEALER 2015 & 2014
$134,Toy Hauler RV For Rent - 2008 29' Trailer Rental (+ATV & UTV Rental)
$199,"Rental: 2007 Class A Motorhome- 31' Hurricane, 2 slide - RV Rent"
$8000,Toyota Dolphin RV 17MPG Great Condition PRICE DROP OBO
,Wanted 2007-Current RV's to Buy or Consign
$5,RV / MARINE ANTI FREEZE
$5000,1986 Dolphin RV
$60,coleman mach 3 rv roof top unit
,Burning man rv useage barter for ticket
$40,"FX25 2-way speaker system for Cars, RV's and Home"
$1,RV Rental Wanted
$238,Creative RV Special - 2016 Forest River Sabre Lite 28RL 5th Wheel RV
$205,2016 Year End Blow Out Sale on ALL Forest River Sabre Fifth Wheel RV
$100,RV mattress QUEEN
$27900,2016 Forest River Sabre Lite 25RL Fifth Wheel RV - Creative RV Special
$32900,2016 Forest River Sabre Lite 29RE Fifth Wheel RV - Creative RV Special
$36500,August RV Specials - 2016 Forest River Sabre 5th Wheel RV for Sale
$42500,New 2016 Forest River Sabre 360QB Fifth Wheel RV - Creative RV Special
,Hardcastle's RV Center Inc
,Hardcastle's RV Center
,Dodge RV For sale 500 or best offer
$36900,New 2016 Forest River Sabre 315RE Fifth Wheel RV - Creative RV Special
$205,August RV Specials - 2016 Forest River 5th Wheel RV for Sale
$75,7pcs 10' Foot RV Drain Sewer Hose - Best Offer
$31900,2016 Forest River Sabre Lite 28RL Fifth Wheel RV - Creative RV Special
$35,The Walking Dead Dale's RV Construction Set McFarlane Toys
$205,2016 Year End Model RV Sale on All Forest River Fifth Wheels
$25874,2016 Outdoors RV Creekside 22RB
$27977,2017 Outdoors RV Creekside 21RBS
$32436,2016 Outdoors RV Timber Ridge 260RLS
,2000 national rv tradeswind 37' 300 hp cat diesel pusher
$16883,2016 Omega RV Sportsmaster 190BH
$25995,2016 Outdoors RV Creekside 23RBS
$44494,2016 Outdoors RV Wind River 280 RDSW
,RECREATIONAL VEHICLE (RV) and Motor Home Buyer Here
$47797,2016 Outdoors RV Blackstone 280 RDSB
,"Carports, Steel Buildings, Garages, Barns, RV Covers"
$28983,2017 Outdoors RV Creekside 23BHS
$15000,RV FORD 1995 LOW MILES EXCELLENT CONDITIONS PrIcE ReDuCeD!!!
$6900,2004 Bmw 530i Sell or Trade for RV or truck.
,Hi we are looking to purchace A RV motorhome or trailer in any conditi
$13000,1999 Rv LOW MILES!
$2495,TILT OUT RV SMALL HOME PARK MODEL 8 X 35 (NOT MANY LEFT)
$125,Sofa Bed...for home/rv
,"cash paid for RV or trailer in any cond, ill tow and smog if needed"
$9500,1990 rv for sale runs great
$11500,1990 rv for sale runs great
$300,New King size RV Mattress memory foam
$10000,1993 Rockwood RV
$1,"Reduced price to sell quick 30' Allegro RV, 454 Chevy"
,NO COST RV CONSIGNMENT - VOTED KCRA'S BEST RV DEALER 2015 & 2014
,"cash paid for rv or toy hauler, travel or tent trailer, any condition"
$4500,I need a rv to live in Please let me know what you have
,WE ARE BUSY!!!! We Want Your RV or Trailer *** No New RVs to Compete
,WE ARE BUSY!!!! We Want Your RV or Trailer *** No New RVs to Compete
,RV Consignments *** No New RVs to Compete
,Stewart Marine and RV Sales - Gently Used/Consigned Boats
$90,"RV TRAILER FOR RENT, CAMPER RENTAL, CHEAP MOBILEHOME 6 sleeps"
$90,"RV TRAILER FOR RENT, CAMPER RENTAL, CHEAP MOBILEHOME 6 sleeps"
$90,"RV TRAILER FOR RENT, CAMPER RENTAL, CHEAP MOBILEHOME 6 sleeps"
$90,"RV TRAILER FOR RENT, CAMPER RENTAL, CHEAP MOBILEHOME 6 sleeps"
$230,"RV FOR RENT, MOTORHOME RENTAL, WHILE GAS SO CHEAP, 8 SLEEPS, CAMPER,"
$37500,"2011 RV / Motorhome Georgetown 327DS by Forest River, Class A"
$10,RV Anode Rod for Water Heater
$80,Coleman Cable Extension Power Cord for Electric Car Welde Generator RV
$11500,RV 1985 27 foot
,Trade RV for Van + Trailer
,Wanted 2007-Current RV's to Buy or Consign
$12000,1996 Sea Breeze RV Sleeps 5
$400,"Li-ion  Batteries EV, Solar, RV & Boat NEW  VOLT 12vdc 100ah"
$84995,Used 2006 Monaco RV Knight
$94995,Used 2008 National RV Tropical
,RV repair shop in Santa Clara that Specializes in gas powered RV
,Travel Trailer RV For Rent Labor Day
$30000,Pinzgauer 712 6x6 Expedition Camper RV
,In need of a place to live in rv
$14900,RV FORD 1995 LOW MILES EXCELLENT CONDITIONS
,"Affordable & Professional RV roof Sealing, 3 year warranty"
,"Affordable & Professional RV roof Sealing, 3 year warranty"
$189,"For Rent, 36' Itasca RV Motorhome"
,"WANTED : Toy hauler , Fifth wheel , Tent trailer Rv üöé any condition"
$50,RV mattress
$7900,Trade: Bmw for RV or A truck
,"Steel  buildings, Carports, Garages, Clear Span, Red barn, RV covers.."
,"Steel  buildings, Carports, Garages, Clear Span, Red barn, RV covers.."
,"Steel  buildings, Carports, Garages, Clear Span, Red barn, RV covers.."
,"Steel  buildings, Carports, Garages, Clear Span, Red barn, RV covers.."
,"Steel  buildings, Carports, Garages, Clear Span, Red barn, RV covers.."
,Wanted to buy Class b+ or small Class C RV
,"Steel  buildings, Carports, Garages, Clear Span, Red barn, RV covers.."
,"Steel  buildings, Carports, Garages, Clear Span, Red barn, RV covers.."
,"Steel  buildings, Carports, Garages, Clear Span, Red barn, RV covers.."
,"Steel  buildings, Carports, Garages, Clear Span, Red barn, RV covers.."
,"Steel  buildings, Carports, Garages, Clear Span, Red barn, RV covers.."
,"Steel  buildings, Carports, Garages, Clear Span, Red barn, RV covers.."
$24897,2017 Cruiser Rv Shadow Cruiser RV 280QBS Travel Trailer
,2017 CrossRoads RV Longhorn LHT27BK Texas Edition (WB106-PX287)
,2017 Dutchmen RV Denali 307RLS (RS533-IV210)
$25643,2017 Cruiser Rv Shadow Cruiser RV 251RKS Travel Trailer
$87348,2016 Lifestyle Luxury Rv 37CKSL Fifth Wheel
$18987,2016 Cruiser Rv Shadow Cruiser RV 195WBS Travel Trailer
,2015 Coachmen RV Chaparral Signature Series 343 RLTS (CT868-DJ229)
$34995,2014 Coachmen RV Brookstone 325RL Fifth Wheel
,2017 VanLeigh RV Vilano 365RL (EM475-ZD823)
,2017 CrossRoads RV Z 1 ZT301BH (RS264-LH188)
,2016 Dutchmen RV Voltage V3895 (LJ609-JE605)
,2017 CrossRoads RV Longhorn ReZerve LTZ26RB (VT499-OR449)
,2017 CrossRoads RV Z 1 ZT291RL (RC540-UG182)
,2015 Coachmen RV Chaparral Signature Series 343 RLTS (TN202-EE384)
,2016 Dutchmen RV Voltage V3895 (VC811-RP409)
$17995,2011 Open Range RV Roamer RT281FLR Travel Trailer
,2016 Dutchmen RV Voltage V3895 (QI249-RV476)
$12988,2015 Riverside RV Retro 177
,2015 Coachmen RV Chaparral Signature Series 343 RLTS (OC482-ST103)
,2017 Dutchmen RV Denali 365BHS (CV150-LC640)
,2017 CrossRoads RV ReZerve RTZ26RB (XM242-GP229)
,2016 Dutchmen RV Voltage V3895 (DG65-UK215)
,2015 Coachmen RV Chaparral Signature Series 343 RLTS (NQ331-TA379)
,Used 2013 Crossroads Rv  Hill Country Hct32rl (AC332-NE544)
,Used 2011 Keystone Rv  Laredo 295rk (FJ331-MK468)
,2007  Crossroads Rv 0ft Crossfire 29sl (BX102-WH770)
,2011 Highland Ridge RV 298 BHS Fifth Wheels Fifth Wheels (UQ210-MB513)
,2017 Open Range RV 3X 3X378RLS Fifth Wheel STONE (AT861-OX397)
,2017 Open Range RV The Light Fifth Wheel LF297RLS Fifth Wheel (OE199-F
$400,RV King Size Mattress by Denver Mattress
,2011 Cruiser RV Viewfinder 21FB Travel Trailers Travel Trailers (GS460
,2016 Open Range RV 3X 3X397FBS Fifth Wheel CHOCOLATE (XU466-XV408)
,2017 Open Range RV The Light Fifth Wheel LF318RLS Fifth Wheel SADDLE (
,2016 Open Range RV The Light Travel Trailer LT308BHS Travel Trailer SO
,2016 Dutchmen RV Voltage V3895 (VW552-EP615)
,2015 Coachmen RV Chaparral Signature Series 343 RLTS (JZ744-OJ389)
$94995,Used 2008 National RV Tropical
$84995,Used 2006 Monaco RV Knight
,2017 Redwood RV Redwood 38RD (JP545-LO137)
,2016 Dutchmen RV Voltage V3895 (TH550-VE835)
,2017 Open Range RV The Light Travel Trailer LT272RLS Travel Trailer SO
,2017 Dutchmen RV Denali 262RLX (CM299-UN658)
,2015 Coachmen RV Chaparral Signature Series 343 RLTS (LE115-ZA611)
,2016 Cruiser RV 288RKS Travel Trailer (FH314-HP824)
,2011 Highland Ridge RV 298 BHS Fifth Wheels Fifth Wheels (QO696-ID241)
,2017 CrossRoads RV 1 ZT291RL Travel Trailer (NG787-WY696)
,2017 Dutchmen RV Aerolite 298RESL (ZG866-RU408)
,2017 Open Range RV Roamer Fifth Wheel RF376FBH Fifth Wheel Saddle (ZN6
$17995,2011 Open Range RV Roamer RT281FLR Travel Trailer
,2017 CrossRoads RV ReZerve RFZ38MD (MM163-WB222)
,2011 Cruiser RV Viewfinder 21FB Travel Trailers Travel Trailers (GU457
,2017 CrossRoads RV 1 ZT301BH Travel Trailer (ZS685-NZ150)
,2016 Dutchmen RV Voltage V3895 (GQ213-UX494)
,2017 CrossRoads RV 1 ZT328SB Travel Trailer (WL810-DK650)
,2017 Dutchmen RV Aerolite 319BHSS (JV313-UZ762)
,*2013* *Cruiser RV* *Enterra E-316rks Enterra E316rks* *Travel Trailer
,2017 VanLeigh RV Vilano 325RL (GW144-OO173)
,Used 2011 Crossroads Rv  Zinger Zf27rl (MG147-PH299)
,2017 Open Range RV Mesa Ridge Fifth Wheel MF348RLS Fifth Wheel (OG566-
,Used 2011 Redwood Rv  Redwood 36rl (WZ898-MW432)
,2016 Dutchmen RV Voltage V3895 (FE858-BU718)
,2017 Open Range RV Mesa Ridge Travel Trailer MR337RLS Travel Trailer (
,2013  Crossroads Rv 0ft Hill Country Hct32rl (JT478-JA207)
$84995,Used 2006 Monaco RV Knight
$94995,Used 2008 National RV Tropical
,2017 CrossRoads RV Z 1 ZT328SB (YQ508-UI873)
,2017 Dutchmen RV Denali Lite 2611BH (WE354-UK594)
,2017 Dutchmen RV Denali 262RLX (VV250-TC300)
,2016 Dutchmen RV Voltage V3895 (OG662-UO508)
,2016 Dutchmen RV Voltage V3895 (CD739-MY898)
,New 2016 41' Redwood Rv    Redwood 38gk (MA712-IG403)
,2017 Open Range RV Roamer Fifth Wheel RF376FBH Fifth Wheel Saddle (PN7
,2016 Dutchmen RV Voltage V3895 (RC447-CF594)
,2017 CrossRoads RV 1 ZT291RL Travel Trailer (EA152-MV829)
,2016 Dutchmen RV Voltage V3895 (UC226-LN778)
,2016  Crossroads Rv 28ft Z 1 Zt252bh (JC727-KO127)
,New 2017 37' Crossroads Rv    Zinger Zt33bh (TK760-SW139)
,2017  Crossroads Rv 34ft Zinger Zt30qb (UU206-WF755)
,2016 Dutchmen RV Voltage V3895 (DR702-AQ321)
,2007 KZ RV Durango 295SU Fifth Wheels Fifth Wheels (LD373-WF576)
,2011 Highland Ridge RV 298 BHS Fifth Wheels Fifth Wheels (XY894-IK616)
,2017  Crossroads Rv 32ft Zinger Zt27bk (SV288-WV509)
,2017  Evergreen Rv 35ft Texan 314bds (PE747-MR157)
,2016 Dutchmen RV Voltage V3895 (BV541-RN898)
,New 2016 34' Crossroads Rv    Longhorn Rezerve Lfz29rl (NR488-AZ607)
,New 2016 42' Redwood Rv    Redwood 38rd (FR187-OU397)
,2016 Dutchmen RV Voltage V3895 (BH212-ZA472)
,2016  Crossroads Rv 22ft Z 1 Lite Zt18rb (TA705-ZI773)
,2017 Dutchmen RV Aerolite 282DBHS (MO361-TY435)
,2016 Dutchmen RV Voltage V3895 (AX551-OE420)
,2016 Dutchmen RV Voltage V3895 (PR530-ES888)
,2011 Cruiser RV Viewfinder 21FB Travel Trailers Travel Trailers (HZ153
,New 2017 22' Crossroads Rv    Z 1 Lite Zt18ss (AY203-ZH140)
,Used 2008 Keystone Rv  Montana 3295rk (KU381-DD437)
,New 2017 37' Crossroads Rv    Rezerve Rtz32sb (YJ725-JU669)
,Used 2014 Open Range Rv  Open Range Rv 378rls (CL311-KQ658)
,Used 2014 Open Range Rv  Open Range Rv 378rls (EH587-DR661)
,New 2017 23' Crossroads Rv    Z 1 Lite Zt19bh (NS354-XJ409)
,Used 2016 Keystone Rv  Sprinter 316bik (RN856-GR564)
,2016 Dutchmen RV Voltage V3895 (YG680-BA837)
,"Steel  buildings, Carports, Garages, Clear Span, Red barn, RV covers.."
,"Steel  buildings, Carports, Garages, Clear Span, Red barn, RV covers.."
,"Steel  buildings, Carports, Garages, Clear Span, Red barn, RV covers.."
,"Steel  buildings, Carports, Garages, Clear Span, Red barn, RV covers.."
,"Steel  buildings, Carports, Garages, Clear Span, Red barn, RV covers.."
,"Steel  buildings, Carports, Garages, Clear Span, Red barn, RV covers.."
,"Steel  buildings, Carports, Garages, Clear Span, Red barn, RV covers.."
$24500,1984 Mercedes 409D RV
,Trade My Gibson/Taylor/Santa Cruz Guitars For Your RV-Motor Home
$350,Scot's RV and Boat Detailing
,SALE !    Stop in and take a look at our trailers - Downtown RV
$4001,1981 dodge vader rv
$20,Barbie RV Camper in great condition
$20,Sherwood RV-5050R Dolby Amp Receiver
$350,Onan RV Power Generator 5000 watts
$225,Coleman RV Air Conditioner
,Hi we are looking to purchace A RV motorhome or trailer in any conditi
$8500,"""price reduced""Forest River rv trailer"
$65500,2014 Class C RV Bunk Model
$5800,Komfort rv camper travel trailer 20 ft
$3999,"Toyota RV w/ over $3500 in work. NEW cat cnvt, h2o pump, radiator, val"
$63999,2016 Coachmen RV Leprechaun 317SA Ford 450 Motor Home Class C  6b2df6a
,Cash for üå∫ Toy hauler I'm seeking üöé any RV or trailer as is cond
,we are looking to purchace A RV üöçmotorhome or trailer in any conditi
,Hi we are looking to purchace A RV motorhome or trailer in any conditi
$100,Oakland Raider RV Motorhome Parking Pass
,Large selection of RV Marine batteries  Interstate All Battery
$13500,1982 VW diesel camper rv tischer not westfalia or vanagon
$145,RV Rental
$50,"Refrigerator, RV, Camper, Boat, Trailer or Home, By Domestic"
$199,35 ' RV cover for sale
,"cash paid for RV or trailer, wrecked/water damage/eltrical issues ok"
,"cash paid for rv or toy hauler, travel or tent trailer, any condition"
$47999,2016 Coachmen RV Leprechaun 230 CB Motor Home Class C
,"cash paid for RV or trailer in any cond, ill tow and smog if needed"
,Need a RV rental for Burning Man?
$21999,2011 Keystone RV Outback 312BH Travel Trailer
$19999,2015 Forest River RV Rockwood Mini Lite 2104S Travel Trailer
$50999,2016 Coachmen RV Leprechaun 220QB Ford 350 Motor Home Class C
,WE TAKE THE HASSLE OUT OF SELLING YOUR RV. LET US SELL IT FOR YOU !!pe
$94995,2008 National RV Tropical DIESEL PUSHER
$39999,2012 Dutchmen RV Voltage V3200 Toy Hauler Fifth Wheel
$49999,2016 Coachmen RV Leprechaun 260RS Motor Home Class C
$48999,2016 Coachmen RV Leprechaun 260RS Motor Home Class C
$2000,New Custom Metal RV or Boat Cover **Free Delivery and Installation**
,SELLING YOUR RV??
,WE TAKE THE HASSLE OUT OF SELLING YOUR RV. LET US SELL IT FOR YOU !!nb
$20999,2014 Keystone RV Cougar Half-Ton Series 21RBSWE Travel Trailer
$24999,2014 Keystone RV Cougar Half-Ton Series 27RLSWE Travel Trailer
$179,"For Rent: Class A Motorhome- 36' Winnebago Voyage, 2 slide - RV Rental"
,RV rental for Burning Man 30 FT
,WE TAKE THE HASSLE OUT OF SELLING YOUR RV. LET US SELL IT FOR YOU !!sb
,WE TAKE THE HASSLE OUT OF SELLING YOUR RV. LET US SELL IT FOR YOU !!sc
$48999,2016 Coachmen RV Leprechaun 260RS Motor Home Class C
$70,Potable Rv Holding Tank
$49999,2016 Coachmen RV Leprechaun 260RS Motor Home Class C
$9500,Rv 1990 winnebago runs great
$11500,Rv 1990 winnebago runs great
$8500,Rv 1990 winnebago runs great
$9200,Rv 1990 winnebago runs great
$11500,Rv 1990 winnebago runs great
$1,WINDOW TINTING IN LAKEPORT  - Auto-RV-Boat-Commercial-Residential
$245,Class C RV for Rent
,Would you like to make cash renting me a place to park my RV?
,Wanted 2007-Current RV's to Buy or Consign
$1,"cash paid for 1990 or newer trailer or class c RV, any condition ok,"
,TOY HAULER I'm seeking üöé w t b any RV or trailer as is condition
,Cash for üå∫ Toy hauler I'm seeking üöé any RV or trailer as is cond
,Cash for üå∫ Toy hauler I'm seeking üöé any RV or trailer as is cond
,we are looking to purchace A RV üöçmotorhome or trailer in any conditi
,"Steel  buildings, Carports, Garages, Clear Span, Red barn, RV covers.."
,"Steel  buildings, Carports, Garages, Clear Span, Red barn, RV covers.."
,"Steel  buildings, Carports, Garages, Clear Span, Red barn, RV covers.."
,"Steel  buildings, Carports, Garages, Clear Span, Red barn, RV covers.."
,"Steel  buildings, Carports, Garages, Clear Span, Red barn, RV covers.."
,"Steel  buildings, Carports, Garages, Clear Span, Red barn, RV covers.."
,"Steel  buildings, Carports, Garages, Clear Span, Red barn, RV covers.."
,"Steel  buildings, Carports, Garages, Clear Span, Red barn, RV covers.."
,"Steel  buildings, Carports, Garages, Clear Span, Red barn, RV covers.."
,"Steel  buildings, Carports, Garages, Clear Span, Red barn, RV covers.."
,"Steel  buildings, Carports, Garages, Clear Span, Red barn, RV covers.."
,"Steel  buildings, Carports, Garages, Clear Span, Red barn, RV covers.."
,"Steel  buildings, Carports, Garages, Clear Span, Red barn, RV covers.."
,"Steel  buildings, Carports, Garages, Clear Span, Red barn, RV covers.."
,"Steel  buildings, Carports, Garages, Clear Span, Red barn, RV covers.."
,"Steel  buildings, Carports, Garages, Clear Span, Red barn, RV covers.."
,"Steel  buildings, Carports, Garages, Clear Span, Red barn, RV covers.."
,"Steel  buildings, Carports, Garages, Clear Span, Red barn, RV covers.."
,"Affordable & Professional RV roof Sealing, 3 year warranty"
,"Affordable & Professional RV roof Sealing, 3 year warranty"
,RV LIFE ROCKS TV     Empowering the RV World on YouTube
$625,airxcel roof top air conditioner rv 48000
,"Steel  buildings, Carports, Garages, Clear Span, Red barn, RV covers.."
,"Steel  buildings, Carports, Garages, Clear Span, Red barn, RV covers.."
,"Steel  buildings, Carports, Garages, Clear Span, Red barn, RV covers.."
,"Steel  buildings, Carports, Garages, Clear Span, Red barn, RV covers.."
$100,Oakland Raiders vs Seattle Seahawks RV Parking Pass for September 1st
,"Steel  buildings, Carports, Garages, Clear Span, Red barn, RV covers.."
$11950,MERCEDES SLK 230 TRADE 4 SMALL RV -WESTPHALIA BUS
,"Steel  buildings, Carports, Garages, Clear Span, Red barn, RV covers.."
$84995,Used 2006 Monaco RV Knight
$94995,Used 2008 National RV Tropical
,2016 Dutchmen RV Voltage V3895 (FU365-BQ190)
,2016 Dutchmen RV Voltage V3895 (TR564-LB535)
,2016 Dutchmen RV Voltage V3895 (GF515-MC491)
,2016 Dutchmen RV Voltage V3895 (UQ122-GL896)
,2016 Dutchmen RV Voltage V3895 (RZ763-KF604)
,2017 VanLeigh RV Vilano 325RL (AX398-LL624)
,2017 CrossRoads RV Z 1 Lite ZT18RB (RO331-WG658)
,2010 Highland Ridge RV Residential 398 RLS Fifth Wheels Fifth Wheels (
,2016 Dutchmen RV Voltage V3895 (SD879-ZM505)
,2017 Dutchmen RV Rubicon 2500 (ER500-DJ433)
,2017 Dutchmen RV Aerolite 213RBSL (QJ735-DT752)
,2017 CrossRoads RV Longhorn ReZerve LTZ33BH (RZ148-IJ101)
,2007 KZ RV Durango 295SU Fifth Wheels Fifth Wheels (XQ683-HP150)
,2011 Highland Ridge RV 298 BHS Fifth Wheels Fifth Wheels (XU872-VV377)
,2017 Dutchmen RV Denali 293RKS (OR320-UU757)
,2017 CrossRoads RV 1 ZT301BH Travel Trailer (XX568-WT146)
,2017 Dutchmen RV Aerolite 242BHS (NK177-EC512)
,2017 Dutchmen RV Rubicon 2100 (HX811-XX210)
,2015 Open Range RV The Light LT274RLS Travel Trailer DIEGO` (BH236-FZ2
,2017 Open Range RV Mesa Ridge Fifth Wheel MF348RLS Fifth Wheel (AA581-
,2017 CrossRoads RV Z 1 ZT211RD (RE158-UO482)
,2008 KZ RV 290 Travel Trailers Travel Trailers White (ZC613-CB707)
,2016 Dutchmen RV Voltage V3895 (WY682-YD709)
,Used 2011 Redwood Rv  Redwood 36rl (KN177-AE102)
,2017 VanLeigh RV Vilano 365RL (OA687-XU757)
,2017 Open Range RV Mesa Ridge Travel Trailer MR337RLS Travel Trailer (
,2017 Open Rane RV The Light Fifth Wheel LF297RLS Fifth Wheel (MC481-VZ
,2016 Dutchmen RV Voltage V3895 (CT792-GO617)
,Used 2004 Keystone Rv  Colorado 28rk (ED450-JK797)
,2017 Open Range RV Ultra Lite UT2504BH Travel Trailer (JD390-TB649)
$84995,Used 2006 Monaco RV Knight
$94995,Used 2008 National RV Tropical
,2016 Open Range RV 3X 3X397FBS Fifth Wheel CHOCOLATE (RE126-VP522)
,2017 Open Range RV The Light Fifth Wheel LF318RLS Fifth Wheel SADDLE (
,2017 Open Range RV The Light Fifth Wheel LF319RLS Fifth Wheel (AJ106-I
$26900,2012 Open Range RV 329BHS
,2017 CrossRoads RV Zinger ZT28BH (VK449-QQ372)
,2017 CrossRoads RV Zinger ZT27RL (EG201-MU140)
,2017 CrossRoads RV 1 ZT302KB Travel Trailer (LV272-BV571)
,2017 EverGreen RV Texan 240DBD (SP178-OA346)
,2016 Dutchmen RV Voltage V3895 (CF397-OD778)
,2016 Dutchmen RV Voltage V3895 (QZ251-BL332)
,2017 CrossRoads RV Longhorn LHT32SB Texas Edition (JB286-UN472)
,2016 Dutchmen RV Voltage V3895 (PP244-JT680)
,2017 CrossRoads RV Zinger ZT27BK (DF718-WA788)
,2017 Dutchmen RV Aerolite 282DBHS (JX476-MY437)
,2017 EverGreen RV Texan 314BDS (KV368-KJ645)
,2016 Dutchmen RV Voltage V3895 (PW740-OW888)
,2016 Dutchmen RV Voltage V3895 (QC855-NN490)
,2017 Dutchmen RV Denali 335RLK (EB793-RD258)
,New 2016 35' Redwood Rv    Redwood 31sl (LV821-PC486)
,2016  Crossroads Rv 32ft Zinger Zt28bh (SC219-VH357)
,2016 Dutchmen RV Voltage V3895 (QC406-NY596)
,2017 Redwood RV Redwood 38GK (DD766-PT707)
,2016 Dutchmen RV Voltage V3895 (KY355-QW247)
,New 2016 0' Crossroads Rv    Zinger Zt27bk16 (AE135-UP878)
,2016 Dutchmen RV Voltage V3895 (NN435-CE367)
,2017 CrossRoads RV Z 1 ZT252BH (SD619-RH679)
,New 2017 37' Crossroads Rv    Zinger Zt33bh (EC887-JR266)
,2010 Highland Ridge RV Residential 398 RLS Fifth Wheels Fifth Wheels (
,New 2016 38' Dutchmen Rv    Triton 3451 (EU511-EO219)
,2017 CrossRoads RV Z 1 Lite ZT18SS (RB276-FX315)
,2016 Dutchmen RV Voltage V3895 (NJ345-AW500)
,2016 CrossRoads RV Longhorn ReZerve LFZ32IK (JG468-SA266)
,New 2016 42' Redwood Rv    Redwood 39mb (YV179-IE235)
,New 2016 34' Crossroads Rv    Rezerve Rfz29rl (NR287-UF694)
,2017  Vanleigh Rv 39ft Vilano 365rl (WL340-DK775)
,2007 KZ RV Durango 295SU Fifth Wheels Fifth Wheels (ZM695-EW832)
,2016 Dutchmen RV Voltage V3895 (OS430-QM523)
,2016 Dutchmen RV Voltage V3895 (TT326-LE761)
,2017 CrossRoads RV Longhorn LHT27RL Texas Edition (XG819-LJ270)
,Used 2011 Dutchmen Rv  Grand Junction 340rl (BL777-CS317)
,2017  Crossroads Rv 34ft Zinger Zt30qb (EP703-SS105)
,New 2017 33' Evergreen Rv    Texan 280qb (QK375-ZT537)
,Used 2014 Open Range Rv  Open Range Rv 378rls (ZM551-AG379)
,2016 Dutchmen RV Voltage V3895 (VJ887-WU517)
,2017  Evergreen Rv 35ft Texan 314bds (QE271-JB423)
,2016 Open Range RV The Light Travel Trailer LT308BHS Travel Trailer SO
,2017  Crossroads Rv 32ft Zinger Zt27bk (SK557-MI869)
,2017 CrossRoads RV 1 ZT291RL Travel Trailer (UX129-NW248)
,Used 2008 Keystone Rv  Montana 3295rk (UP585-ZX506)
,Used 2014 Open Range Rv  Open Range Rv 378rls (WJ240-QL407)
,2016  Redwood Rv 42ft Redwood 38rd (VJ790-CC227)
,2016  Dutchmen Rv 44ft Voltage V3970 (RZ262-IX636)
,2017 Open Range RV Roamer Fifth Wheel RF376FBH Fifth Wheel Saddle (RV1
,2008 KZ RV 290 Travel Trailers Travel Trailers White (GJ334-XD343)
$94995,Used 2008 National RV Tropical
,2016 Open Range RV Ultra Lite UT2710RL Travel Trailer (CA147-FL676)
$84995,Used 2006 Monaco RV Knight
,2011 Cruiser RV Viewfinder 21FB Travel Trailers Travel Trailers (XJ650
,2017 Highland Ridge RV Mesa Ridge Fifth Wheels MF337RLS Fifth Wheel (B
,2016 Dutchmen RV Voltage V3895 (OZ338-HB665)
,2017 CrossRoads RV Longhorn LHT34RS Texas Edition (FX177-WW650)
,2017 CrossRoads RV Z 1 ZT272BH (PX528-YV345)
,2016 Dutchmen RV Voltage V3895 (QR868-GG386)
,2017 Dutchmen RV Aerolite 281RLSS (EN841-PD350)
,2016 Dutchmen RV Voltage V3895 (LK732-JL151)
,2017 Dutchmen RV Rubicon 2100 (UT125-WM593)
,"Steel  buildings, Carports, Garages, Clear Span, Red barn, RV covers.."
,"Steel  buildings, Carports, Garages, Clear Span, Red barn, RV covers.."
,"Steel  buildings, Carports, Garages, Clear Span, Red barn, RV covers.."
,"Steel  buildings, Carports, Garages, Clear Span, Red barn, RV covers.."
,"Steel  buildings, Carports, Garages, Clear Span, Red barn, RV covers.."
,"Steel  buildings, Carports, Garages, Clear Span, Red barn, RV covers.."
,"Steel  buildings, Carports, Garages, Clear Span, Red barn, RV covers.."
,"Steel  buildings, Carports, Garages, Clear Span, Red barn, RV covers.."
,"Steel  buildings, Carports, Garages, Clear Span, Red barn, RV covers.."
,"Steel  buildings, Carports, Garages, Clear Span, Red barn, RV covers.."
,"Steel  buildings, Carports, Garages, Clear Span, Red barn, RV covers.."
,"Steel  buildings, Carports, Garages, Clear Span, Red barn, RV covers.."
$10500,Corvette Crossfire Collectors 99k original miles Trade RV/Motor home
$8000,2004 RV camp sprint
,RV Parking/plug in for home remodeling
$180,Class C RV Cover
,Room OR Rv space needed for 25' Comfort travel trailer
$16000,RV FORD 1995 LOW MILES EXCELLENT CONDITIONS
$500,"RV, dodge sportsman"
$200,Portable Satellite Dish for RV
$75,Portable Satellite Dish for RV
,"WANTED : Toy hauler , Fifth wheel , Tent trailer Rv üöé any condition"
,"WANTED TO BUY tent trailer , rv or Travel trailer"
$30,RV Microwave
$57500,2010 Fleetwood RV Bounder 34W -MAKE OFFER OR TRADE??
,TRADE BMW Z4 CONVERTABLE FOR YOUR CONVERSION VAN OR RV
$1,10 Gal & 30 Gal RV tote along
$5500,1982 Toyota RV Tailer Truck low mileage
$95,"EGrill for sale--Tailgators, RV, Camping"
,"Primer, caulking, COATING, & RV DETAILS"
$65,RV STORAGE MONTH
$1,"RV, BOAT, JETSKI STORAGE PARKING FOR RENT"
$1,"Reduced price to sell quick 32' Allegro RV, 454 Chevy"
,"WANTED : Toy hauler , Fifth wheel , Tent trailer Rv üöé any condition"
$35,Hot Wheels Collectible RV - Sealed Box Jones Soda
$25,"Queen Mattress-short, RV, Travel Trailer"
$90,RV MOTORHOME FOR RENT
$13000,1999 Rv LOW MILES!
,Cash for üå∫ Toy hauler I'm seeking üöé any RV or trailer as is cond
,we are looking to purchace A RV üöçmotorhome or trailer in any conditi
$135,FREE DLVRY OF RENTAL RV TO LAKES DON PEDRO AND MCCLURE
$900,need to rent a place to park RV
$5500,Toyota RV
$4500,RV/BURNING MAN FOR SALE
$450,Roadmaster Tow Bar Kit - Pull Your Car with your RV
$50,Brand new Samsung Gear RV.
$110,All Climate 40'- 43' RV Cover for a Class A
$10999,BELOW COST!!!  12RBST CLIPPER A-Frame Trailer @ NORTH COAST RV
$13999,1999 35RK ALPENLITE Fifth Wheel @ NORTH COAST RV
$12999,2004  251 Tail-gator Toy Hauler @ NORTH COAST RV
$10999,2010  209LT ALJO  Travel Trailer @ NORTH COAST RV
$11999,2002  312 JAYCO  Travel Trailer @ NORTH COAST RV
$14999,2010  291TG  LAREDO Travel Trailer @ NORTH COAST RV
$14999,2003  30 RAGEN Toy Hauler Trailer @ NORTH COAST RV
$8999,2004  30  PINE CREEK Travel Trailer @ NORTH COAST RV
$12999,2002  35RITS  CEDAR CREEK  Fifth Wheel @ NORTH COAST RV
$12999,2006  28'  BIG HORN  Travel Trailer @ NORTH COAST RV
$69999,2015  38' ALPHA GOLD  Fifth Wheel @ North Coast RV
$9999,2000  33 5M TERRY Fifth Wheel @ NORTH COAST RV
$275,Rv Class A Cover
,~!L@@K!~ SECURE RV/BOAT/UNIT Indoor/Outdoor STORAGE SPACE!!~
$26000,2006 roadtrek popular 170 B class rv
$8900,1995 Fleetwood flair rv 24 feet long
$20,SOLD - Batteries - Two - Interstate & Exide - Marine RV
$100,RV Rental - Toyota Itasca Spirit for rent
$90,Plastic Sheeting clear 20' X 300' clean RV
$90,Plastic Sheeting clear 20' X 300' clean RV
$90,Plastic Sheeting clear 20' X 300' clean RV
$2000,WANTED: COUPLE SEEKING RV SHARE FOR BURNING MAN!
,RV Rental
,Extra burning man ticket? Trade for a ride in our RV
$100,Oakland Raiders RV Parking Pass
,Extra burning man ticket? Trade for a ride in our RV
,"Steel  buildings, Carports, Garages, Clear Span, Red barn, RV covers.."
,"Steel  buildings, Carports, Garages, Clear Span, Red barn, RV covers.."
,"Steel  buildings, Carports, Garages, Clear Span, Red barn, RV covers.."
,"Steel  buildings, Carports, Garages, Clear Span, Red barn, RV covers.."
,"Steel  buildings, Carports, Garages, Clear Span, Red barn, RV covers.."
,"Steel  buildings, Carports, Garages, Clear Span, Red barn, RV covers.."
,"Steel  buildings, Carports, Garages, Clear Span, Red barn, RV covers.."
,"Steel  buildings, Carports, Garages, Clear Span, Red barn, RV covers.."
,"Steel  buildings, Carports, Garages, Clear Span, Red barn, RV covers.."
,"Steel  buildings, Carports, Garages, Clear Span, Red barn, RV covers.."
,"Steel  buildings, Carports, Garages, Clear Span, Red barn, RV covers.."
,"Steel  buildings, Carports, Garages, Clear Span, Red barn, RV covers.."
,"Steel  buildings, Carports, Garages, Clear Span, Red barn, RV covers.."
,"Steel  buildings, Carports, Garages, Clear Span, Red barn, RV covers.."
,"Steel  buildings, Carports, Garages, Clear Span, Red barn, RV covers.."
,"Steel  buildings, Carports, Garages, Clear Span, Red barn, RV covers.."
,"Steel  buildings, Carports, Garages, Clear Span, Red barn, RV covers.."
,"Steel  buildings, Carports, Garages, Clear Span, Red barn, RV covers.."
,"Steel  buildings, Carports, Garages, Clear Span, Red barn, RV covers.."
,"Steel  buildings, Carports, Garages, Clear Span, Red barn, RV covers.."
,"Steel  buildings, Carports, Garages, Clear Span, Red barn, RV covers.."
,"Steel  buildings, Carports, Garages, Clear Span, Red barn, RV covers.."
,"Steel  buildings, Carports, Garages, Clear Span, Red barn, RV covers.."
,"Steel  buildings, Carports, Garages, Clear Span, Red barn, RV covers.."
,"Steel  buildings, Carports, Garages, Clear Span, Red barn, RV covers.."
,"Steel  buildings, Carports, Garages, Clear Span, Red barn, RV covers.."
,"Steel  buildings, Carports, Garages, Clear Span, Red barn, RV covers.."
,2016 Dutchmen RV Voltage V3895 (SI587-KG479)
,2017 CrossRoads RV Longhorn LHT27BK Texas Edition (LD246-FW640)
,2016 Dutchmen RV Voltage V3895 (NW506-LW487)
,2017 Dutchmen RV Denali 307RLS (DI752-AF160)
,2016 Dutchmen RV Voltage V3895 (EW153-MW313)
,2016 Dutchmen RV Voltage V3895 (QD573-ZD300)
,Used 2014 Crossroads Rv  Zinger Zt25rb (YH531-AB591)
,2016 Dutchmen RV Voltage V3895 (XS714-SP442)
,2017 CrossRoads RV Z 1 ZT301BH (ZX895-OZ438)
,2010 Highland Ridge RV Residential 398 RLS Fifth Wheels Fifth Wheels (
,2017 CrossRoads RV Zinger ZT32SB (VM137-EG731)
,2017 Dutchmen RV Kodiak Ultimate 320BHSL (AU678-SY525)
,2016 Dutchmen RV Voltage V3895 (RR691-DB277)
,2017 VanLeigh RV Vilano 365RL (SI439-ZM692)
,2011 Highland Ridge RV 298 BHS Fifth Wheels Fifth Wheels (LR507-IU807)
,2016 Dutchmen RV Voltage V3895 (AU707-OO454)
,2007 KZ RV Durango 295SU Fifth Wheels Fifth Wheels (BY120-MH625)
,2011  Redwood Rv 0ft Redwood 36rl (QS712-SK435)
$84995,Used 2006 Monaco RV Knight
,2014  Dutchmen Rv 0ft Denali 286rex (QQ587-FG202)
,2017 Redwood RV Redwood 39MB Wine Bar (OC400-TB813)
,2017 Open Range RV 3X 3X378RLS Fifth Wheel STONE (PC139-TA179)
$94995,Used 2008 National RV Tropical
,2017 CrossRoads RV 1 ZT301BH Travel Trailer (TO296-NZ884)
,2008 KZ RV 290 Travel Trailers Travel Trailers White (KE526-ZK168)
,2017 CrossRoads RV 1 ZT328SB Travel Trailer (PA619-PK750)
,2015 Open Range RV The Light LT274RLS Travel Trailer DIEGO` (VK441-LE1
,2017 Open Range RV Mesa Ridge Fifth Wheel MF348RLS Fifth Wheel (NK202-
,2017 VanLeigh RV Vilano 325RL (ST308-CB735)
,2017 CrossRoads RV Z 1 ZT328SB (OQ379-MS104)
,2016 Dutchmen RV Voltage V3895 (KO272-YG748)
,2017 CrossRoads RV Longhorn ReZerve LTZ26RB (ZQ137-XW216)
,2016 Dutchmen RV Kodiak Ultimate 295TBHS (XT862-RD713)
,2016 Dutchmen RV Voltage V3895 (RX182-IM112)
$5885,RV Cover
$2740,20x30 RV cover
,2016 Dutchmen RV Voltage V3895 (UX384-FE589)
$34995,2014 Coachmen RV Brookstone 325RL Fifth Wheel
$17995,2014 Keystone RV Passport 23RB Elite Travel Trailer
,2017 Dutchmen RV Denali 262RLX (FL471-CF572)
,2016 Dutchmen RV Voltage V3895 (RM822-OW856)
,2017 CrossRoads RV Z 1 Lite ZT19BH (VP851-YC451)
$16999,"Small Hybrid Toy Hauler RV, Lightweight, Sleeps 4 w Private Bath"
$37999,Rear Living RV with Outdoor Kitchen
$19995,2012 Forest River RV Salem Hemisphere Lite 316RETS Fifth Wheel
,2016 Dutchmen RV Voltage V3895 (VM780-SO109)
$34900,2013 Infinity RV 3870FK Fifth Wheels Wheel RVs
$38995,2013 Forest River RV Cardinal 3800FL Fifth Wheel
$37800,2014 Infinity RV INFINITY 3210RE Fifth Wheels Wheel RVs
$42780,2013 Cyclone RV CY 3010 Fifth Wheels Wheel RVs
,2017  Redwood Rv 41ft Redwood 38gk (LA485-LJ101)
$20777,2011 Forest River RV Blue Ridge 3125RT Fifth Wheel
$16995,2013 CrossRoads RV Zinger ZT32QB Travel Trailer
$34900,2013 Infinity RV 3870FK Fifth Wheels Wheel RVs
$21995,2009 Keystone RV Mountaineer 324RLQ Fifth Wheel
$1,RV SERVICE - REPAIR - WATER/COLLISION DAMAGE
$1195,ATWOOD RV FRIDGE SPECIAL
$1,NEW DESIGN RV RUBBER ROOF BY DICOR/GAF
$15995,2012 CrossRoads RV Zinger ZT25SB Travel Trailer
,2016  Crossroads Rv 34ft Longhorn Rezerve Lfz29rl (FB237-XH846)
$11995,2008 Gulf Stream RV Kingsport 258RLS Travel Trailer
$9995,2010 Keystone RV Sprinter Select 26BH Travel Trailer
$25999,"2017 Sunset Trail rear-bath RV with outdoor kitchen, sleeps 6, LITE!!"
$37995,2011 Keystone RV Montana 3750FL Fifth Wheel
$42780,2013 Cyclone RV CY 3010 Fifth Wheels Wheel RVs
$37800,2014 Infinity RV INFINITY 3210RE Fifth Wheels Wheel RVs
$34900,2013 Infinity RV 3870FK Fifth Wheels Wheel RVs
$17995,2011 Dutchmen RV Aerolite 318BHSS Travel Trailer
$19995,2010 Keystone RV COPPER CANYON 324FWBHS Fifth Wheel
,New 2016 22' Crossroads Rv    Z 1 Lite Zt18rb (JY633-JY346)
$11777,2009 Keystone RV Cougar X-Lite 29FKS Travel Trailer
,2016 Dutchmen RV Voltage V3895 (DR526-EO819)
,2016 Dutchmen RV Voltage V3895 (OB521-NT169)
$20995,2007 Forest River RV All American Sport 375CKDS Toy Hauler Fifth Wheel
$8995,2010 Forest River RV Rockwood Mini Lite 1809S Travel Trailer
$100,6 RV Shades Pleated Day Night  All from one RV
$15995,2008 Fleetwood RV Prowler 275RLS Fifth Wheel
$6995,2007 Forest River RV Rockwood High Wall Series HW276 Folding Pop-Up Ca
$1,BUY RIGHT RVS I WILL PAY CASH FOR YOUR RV
$1,BUY RIGHT RVS I WILL PAY CASH FOR YOUR RV
$12777,2004 Keystone RV Everest 364Q Fifth Wheel
$89995,2006 Fleetwood RV Class A Revolution Motor Home Class A
$16777,2007 Dutchmen RV Colorado 31RL-M5 Fifth Wheel
$11995,2004 Fleetwood RV Prowler Regal 295BHS Fifth Wheel
,2017 CrossRoads RV Longhorn LHT28BH Texas Edition (KY479-LX863)
,2016 Dutchmen RV Voltage V3895 (EX320-OX432)
$7995,2000 Forest River RV Cardinal 32RLB Fifth Wheel
$4000,RV for sale
$5500,1996 Intruder RV
,2017 CrossRoads RV ReZerve RTZ26RB (ZT897-VV237)
$1000,88 starcraft rv
$94995,Used 2007 Monaco RV Knight
,2016  Keystone Rv 0ft Sprinter 316bik (VN800-NY777)
,2016 Dutchmen RV Voltage V3895 (ES663-WQ801)
,2017  Vanleigh Rv 35ft Vilano 325rl (AH376-BL373)
,2008 Thor Motor Coach Four Winds 34Y Toy Hauler RV - Class A Pusher Ga
$18999,"Comfy, Single-Slide Bumper-Pull RV--Ideal for 1 or 2 people"
$289998,Used 2016 Entegra Coach Anthem 44B W/4 Slides Diesel Pusher RV Luxury
,New 2016 25' Crossroads Rv    Z 1 Zt211rd (DV407-LQ699)
$94997,2007 Winnebago Vectra 40TD W/2 Slides RV Diesel Pusher Motorhome
